{"schemaVersion":"1.0","appDefinitionTemplate":{"id":"/providers/Microsoft.PowerApps/apps/","type":"Microsoft.PowerApps/apps","tags":{"primaryDeviceWidth":"1366","primaryDeviceHeight":"768","supportsPortrait":"true","supportsLandscape":"true","primaryFormFactor":"Tablet","showStatusBar":"false","publisherVersion":"3.24034.17","minimumRequiredApiVersion":"2.2.0","hasComponent":"false","hasUnlockedComponent":"false","isUnifiedRootApp":"false","sienaVersion":"20240411T074925Z-3.24034.17.0"},"properties":{"appVersion":"2024-04-11T07:49:25Z","lifeCycleId":"Published","createdByClientVersion":{"major":3,"minor":24034,"build":17,"revision":0,"majorRevision":0,"minorRevision":0},"minClientVersion":{"major":3,"minor":24034,"build":17,"revision":0,"majorRevision":0,"minorRevision":0},"backgroundColor":"RGBA(0,176,240,1)","backgroundImageUri":"/15646547804883243707/Nf90f80b3-859e-4cfb-af7b-6ab076840059-logoSmallFile","displayName":"Custom Icons","description":"","commitMessage":"","appUris":{"documentUri":{"value":"/15646547804883243707/N94d20101-b811-41bd-a283-5c7cf90b1204-document.msapp"},"imageUris":[],"additionalUris":[{"isSolutionAware":false,"value":"/15646547804883243707/N3e1fcdd8-ca79-43a4-a361-a1a4e21f51bc-identity.json"}]},"createdTime":"0001-01-01T00:00:00Z","lastModifiedTime":"0001-01-01T00:00:00Z","sharedGroupsCount":0,"sharedUsersCount":0,"connectionReferences":{},"databaseReferences":{},"almMode":"Environment","performanceOptimizationEnabled":true,"canConsumeAppPass":true,"enableModernRuntimeMode":false,"executionRestrictions":{"isTeamsOnly":false,"dataLossPreventionEvaluationResult":{"status":"Compliant","lastEvaluationDate":"2024-04-11T07:49:35.0098397Z","violations":[],"violationsByPolicy":[],"violationErrorMessage":"The app uses the following connectors: ."}}},"appType":"ClassicCanvasApp","appComponents":[]}}